name,seed,PE_1h,PE_6h,PE_12h,PE_pers_1h,PE_st_6h,n_storm
lstm,42,0.9568650126457214,0.8816449642181396,0.8425160646438599,-1.1241068840026855,0.7770878076553345,932
lstm,43,0.9512696862220764,0.8662103414535522,0.8327817320823669,-1.399639129638672,0.7555410265922546,932
lstm,44,0.9593744874000548,0.8804430365562439,0.8366667032241821,-1.0005335807800293,0.806739866733551,932
lstm,45,0.9559211134910583,0.8883407115936279,0.8481387495994568,-1.1705892086029053,0.800032377243042,932
lstm,46,0.959623157978058,0.8860634565353394,0.8475025296211243,-0.9882891178131104,0.8295302391052246,932
lstm,47,0.9452428817749025,0.876301109790802,0.8337944746017456,-1.6964194774627686,0.8100742101669312,932
lstm,48,0.9584238529205322,0.8814791440963745,0.8365942239761353,-1.0473456382751465,0.7779163122177124,932
lstm,49,0.9501322507858276,0.881531834602356,0.8379088640213013,-1.4556515216827393,0.771725058555603,932
lstm,50,0.9602733850479126,0.8850617408752441,0.8394376635551453,-0.956268072128296,0.8342835903167725,932
lstm,51,0.9610270857810974,0.8807578682899475,0.8374242186546326,-0.9191527366638184,0.7421305179595947,932
lstm,52,0.9586023688316344,0.8788578510284424,0.8472402095794678,-1.038555145263672,0.7669474482536316,932
lstm,53,0.9507704973220824,0.8758808970451355,0.8404330015182495,-1.424220323562622,0.7902113199234009,932
lstm,54,0.956370770931244,0.884300947189331,0.8396023511886597,-1.1484460830688477,0.7922763824462891,932
lstm,55,0.9508894085884094,0.8759245872497559,0.830422580242157,-1.4183650016784668,0.7863637208938599,932
lstm,56,0.956666111946106,0.8858432769775391,0.8490784168243408,-1.1339025497436523,0.7852274179458618,932
transformer,42,0.9802271723747252,0.8997486233711243,0.8466228246688843,0.0263208746910095,0.8110564947128296,932
transformer,43,0.9782850742340088,0.8975707292556763,0.8449603319168091,-0.0693148374557495,0.8135641813278198,932
transformer,44,0.976922571659088,0.894393801689148,0.8382748365402222,-0.1364083290100097,0.7755786776542664,932
transformer,45,0.977944016456604,0.899485170841217,0.8561122417449951,-0.0861080884933471,0.7854229807853699,932
transformer,46,0.9796721339225768,0.8929822444915771,0.8519955277442932,-0.0010101795196533,0.7871494889259338,932
transformer,47,0.9813668727874756,0.8964594602584839,0.8397694230079651,0.0824440121650695,0.801445484161377,932
transformer,48,0.9747119545936584,0.890984058380127,0.8361318111419678,-0.2452658414840698,0.7926068902015686,932
transformer,49,0.9768760800361632,0.887957751750946,0.8456138372421265,-0.1386976242065429,0.801964521408081,932
transformer,50,0.978174328804016,0.8905090689659119,0.8292152881622314,-0.0747686624526977,0.7902013063430786,932
transformer,51,0.978435218334198,0.8898549675941467,0.8508694767951965,-0.0619213581085205,0.7841855883598328,932
transformer,52,0.9695502519607544,0.89960116147995,0.8448270559310913,-0.4994455575942993,0.8036503791809082,932
transformer,53,0.9780701994895936,0.8928871750831604,0.8430863618850708,-0.0798962116241455,0.7846424579620361,932
transformer,54,0.9777262210845948,0.8986672163009644,0.8469722270965576,-0.0968341827392578,0.8135608434677124,932
transformer,55,0.9824284315109252,0.8976945281028748,0.8589876890182495,0.1347179412841797,0.7940412163734436,932
transformer,56,0.9818178415298462,0.8921971321105957,0.8482085466384888,0.1046521663665771,0.8109282851219177,932
transformer_matched,42,0.9759511947631836,0.8909245133399963,0.8408723473548889,-0.1842406988143921,0.825031578540802,932
transformer_matched,43,0.9802282452583312,0.8974667191505432,0.8471164703369141,0.0263752341270446,0.8006867170333862,932
transformer_matched,44,0.9816429615020752,0.903764545917511,0.8561283349990845,0.0960400104522705,0.8311198949813843,932
transformer_matched,45,0.9814233779907228,0.8967220783233643,0.8495795726776123,0.0852253437042236,0.8051764369010925,932
transformer_matched,46,0.9732682704925536,0.8911767601966858,0.8341617584228516,-0.3163572549819946,0.8137806057929993,932
transformer_matched,47,0.9781206846237184,0.893332302570343,0.8431849479675293,-0.0774096250534057,0.8011441826820374,932
transformer_matched,48,0.98208886384964,0.889549970626831,0.8412385582923889,0.1179971098899841,0.8067073822021484,932
transformer_matched,49,0.9799327850341796,0.8937824964523315,0.8488532304763794,0.0118253231048583,0.8119447231292725,932
transformer_matched,50,0.981514811515808,0.9010474681854248,0.8519483208656311,0.0897298455238342,0.8326680660247803,932
transformer_matched,51,0.9813302159309388,0.8945380449295044,0.8480116724967957,0.0806382894515991,0.8086967468261719,932
transformer_matched,52,0.9748520255088806,0.886456310749054,0.82895827293396,-0.2383699417114257,0.8201228380203247,932
transformer_matched,53,0.9800921082496644,0.900701642036438,0.8433131575584412,0.019669771194458,0.8008051514625549,932
transformer_matched,54,0.9821748733520508,0.8993124961853027,0.850116491317749,0.1222313046455383,0.803656816482544,932
transformer_matched,55,0.9806262254714966,0.8909200429916382,0.8463822603225708,0.0459720492362976,0.786980390548706,932
transformer_matched,56,0.97956782579422,0.8996793627738953,0.8474169373512268,-0.0061464309692382,0.7798534631729126,932
storm_bz,42,0.986106276512146,0.8968116641044617,0.8488914966583252,0.3158285617828369,0.7855020761489868,932
storm_bz,43,0.9860517978668212,0.8954192996025085,0.8444563746452332,0.3131442666053772,0.7963288426399231,932
storm_bz,44,0.985596477985382,0.8946257829666138,0.8490365147590637,0.2907224893569946,0.7969537973403931,932
storm_bz,45,0.986072838306427,0.9041733741760254,0.8612420558929443,0.3141797184944153,0.8057212233543396,932
storm_bz,46,0.9865100383758544,0.9018132090568542,0.8600257039070129,0.3357097506523132,0.8304571509361267,932
storm_bz,47,0.9862711429595948,0.8970580101013184,0.8537869453430176,0.3239472508430481,0.7941458821296692,932
storm_bz,48,0.985362946987152,0.8972184062004089,0.8429856896400452,0.2792227864265442,0.8052725791931152,932
storm_bz,49,0.9858397841453552,0.903503715991974,0.85831618309021,0.3027046322822571,0.8265496492385864,932
storm_bz,50,0.9861087203025818,0.9007087349891663,0.8555032014846802,0.3159466981887817,0.8152714371681213,932
storm_bz,51,0.9862293004989624,0.901686668395996,0.8545997738838196,0.3218871355056762,0.8079000115394592,932
storm_bz,52,0.9857558012008668,0.8987013697624207,0.8552330732345581,0.2985690832138061,0.8307382464408875,932
storm_bz,53,0.9863041043281556,0.9022618532180786,0.8590675592422485,0.3255682587623596,0.8092219829559326,932
storm_bz,54,0.985849916934967,0.8966181874275208,0.8493285179138184,0.3032045364379883,0.8252928256988525,932
storm_bz,55,0.9864462018013,0.8997407555580139,0.8547763228416443,0.3325669765472412,0.8261730670928955,932
storm_bz,56,0.9859211444854736,0.9024030566215516,0.8598554134368896,0.3067123293876648,0.8252301216125488,932
storm_no_delay,42,0.9868143200874328,0.9025592803955078,0.8536750078201294,0.3506943583488464,0.8021175861358643,932
storm_no_delay,43,0.9868468642234802,0.9044793248176576,0.8602095246315002,0.3522974848747253,0.8176591396331787,932
storm_no_delay,44,0.9868884682655334,0.9007835984230042,0.8525799512863159,0.3543461561203003,0.8016493916511536,932
storm_no_delay,45,0.9869016408920288,0.903045415878296,0.8568882942199707,0.3549940586090088,0.7930948138237,932
storm_no_delay,46,0.9866983890533448,0.8988780975341797,0.8527747988700867,0.3449862599372864,0.8392212986946106,932
storm_no_delay,47,0.9873412251472472,0.8999351859092712,0.844664454460144,0.3766400814056396,0.8122060298919678,932
storm_no_delay,48,0.986419439315796,0.8964038491249084,0.8510737419128418,0.3312492966651916,0.8037370443344116,932
storm_no_delay,49,0.9870063662528992,0.9031363129615784,0.8579522371292114,0.3601502776145935,0.8212572932243347,932
storm_no_delay,50,0.9868472218513488,0.90223491191864,0.8547002077102661,0.3523151874542236,0.8065512180328369,932
storm_no_delay,51,0.9869331121444702,0.900622546672821,0.858315646648407,0.3565441370010376,0.8036757707595825,932
storm_no_delay,52,0.9871975779533386,0.9034555554389954,0.8555755615234375,0.3695680499076843,0.8159226179122925,932
storm_no_delay,53,0.986808717250824,0.901503324508667,0.8598085045814514,0.3504179716110229,0.7981364727020264,932
storm_no_delay,54,0.9866332411766052,0.8992774486541748,0.8531754016876221,0.3417782783508301,0.8219617605209351,932
storm_no_delay,55,0.9871631264686584,0.904534876346588,0.8607061505317688,0.3678717017173767,0.8056340217590332,932
storm_no_delay,56,0.98722904920578,0.904083490371704,0.8596740365028381,0.3711176514625549,0.7979304790496826,932
storm_no_physics,42,0.9860533475875854,0.8944496512413025,0.8392282128334045,0.3132218718528747,0.7779890894889832,932
storm_no_physics,43,0.986197829246521,0.8980116844177246,0.8542608022689819,0.3203356266021728,0.8132870197296143,932
storm_no_physics,44,0.985665798187256,0.8994961380958557,0.8519186973571777,0.2941359877586365,0.8117133378982544,932
storm_no_physics,45,0.9863234162330629,0.9026980400085448,0.8500441908836365,0.3265209794044494,0.8150089383125305,932
storm_no_physics,46,0.9860600829124452,0.8973500728607178,0.8547359704971313,0.3135516047477722,0.8234275579452515,932
storm_no_physics,47,0.986480176448822,0.9017517566680908,0.8493673205375671,0.3342382907867431,0.8224998116493225,932
storm_no_physics,48,0.985763669013977,0.8963984251022339,0.8498893976211548,0.2989566326141357,0.7795152068138123,932
storm_no_physics,49,0.9863536953926086,0.8975415825843811,0.8477380275726318,0.3280103802680969,0.7945310473442078,932
storm_no_physics,50,0.9859573245048524,0.9022685289382936,0.8531769514083862,0.3084917664527893,0.7952472567558289,932
storm_no_physics,51,0.9860317707061768,0.8999377489089966,0.8530306816101074,0.3121594190597534,0.8067594170570374,932
storm_no_physics,52,0.9854888916015624,0.9016119837760924,0.856174111366272,0.2854269742965698,0.8200879693031311,932
storm_no_physics,53,0.9859493970870972,0.8894640803337097,0.8337801098823547,0.3081032037734985,0.802499532699585,932
storm_no_physics,54,0.986224889755249,0.9043238162994384,0.8563066124916077,0.3216685652732849,0.8265425562858582,932
storm_no_physics,55,0.986014723777771,0.8989723920822144,0.8569484353065491,0.3113197088241577,0.7975223064422607,932
storm_no_physics,56,0.9860154986381532,0.8967755436897278,0.846141517162323,0.3113574981689453,0.8172900676727295,932
storm_no_gate,42,0.9860398173332214,0.9013594388961792,0.8576906323432922,0.3125544190406799,0.8116713762283325,932
storm_no_gate,43,0.9865666031837464,0.9036725163459778,0.8530060052871704,0.3384960889816284,0.8157192468643188,932
storm_no_gate,44,0.985358715057373,0.9012985229492188,0.8587389588356018,0.2790160775184631,0.8117363452911377,932
storm_no_gate,45,0.9868519902229308,0.9022852182388306,0.8579679727554321,0.3525502681732178,0.7980950474739075,932
storm_no_gate,46,0.9862672090530396,0.9028653502464294,0.8518937826156616,0.3237526416778564,0.8202028274536133,932
storm_no_gate,47,0.9861847758293152,0.8985071778297424,0.8514337539672852,0.3196924328804016,0.8174542188644409,932
storm_no_gate,48,0.985528826713562,0.8963545560836792,0.852737307548523,0.2873908281326294,0.8147104382514954,932
storm_no_gate,49,0.9863845705986024,0.8984752893447876,0.8608953952789307,0.3295323252677917,0.810964822769165,932
storm_no_gate,50,0.985969603061676,0.8998667001724243,0.8585172295570374,0.3090978860855102,0.8158935904502869,932
storm_no_gate,51,0.9861149191856384,0.8983046412467957,0.8589637875556946,0.3162526488304138,0.8252477645874023,932
storm_no_gate,52,0.9866783022880554,0.903590202331543,0.8571913242340088,0.3439965844154358,0.8345853090286255,932
storm_no_gate,53,0.9865165948867798,0.9005573987960815,0.854015052318573,0.3360344171524048,0.8263383507728577,932
storm_no_gate,54,0.9856451153755188,0.8913819789886475,0.847385048866272,0.2931184768676758,0.8106382489204407,932
storm_no_gate,55,0.9865870475769044,0.9058955311775208,0.8615480065345764,0.339503526687622,0.8356414437294006,932
storm_no_gate,56,0.986518621444702,0.9014866948127748,0.8571110963821411,0.3361337780952453,0.8379195928573608,932
